feature,mean_abs_shap
v14,2.2860022
v4,1.8577219
v12,1.3785068
v3,0.9321038
v11,0.8095167
v10,0.80632913
v8,0.7447467
v26,0.5378765
time,0.5290256
v1,0.514246
v19,0.48036987
amount,0.46471816
v16,0.4511085
v5,0.43416688
v20,0.43080413
v18,0.4190783
v25,0.40424195
v15,0.39616954
v24,0.3730375
v7,0.37183356
v28,0.36581007
v22,0.35464612
v6,0.3410447
v27,0.33382836
v21,0.3267079
v13,0.32180917
v9,0.30099568
v17,0.27515522
v2,0.26229227
v23,0.24471287
