model,precision,recall,f1,roc_auc
Logistic Regression,0.06133333333333333,0.9387755102040817,0.11514392991239049,0.9878602221699033
Random Forest,0.865979381443299,0.8571428571428571,0.8615384615384616,0.9817845012231117
XGBoost,0.9325842696629213,0.8469387755102041,0.8877005347593583,0.9838007691821804
